Experiment, T1, T2, T3, T4, T5, T6, T7, T8, T9, T10
1,157.570663 ,151.121918 ,150.266068 ,149.327911 ,150.327148 ,157.068207 ,150.357651 ,149.920898 ,150.088470 ,152.430313 
2,160.257584 ,155.309448 ,152.786133 ,160.977158 ,151.089035 ,160.678009 ,149.977478 ,158.802231 ,157.352325 ,154.074997 
3,152.855118 ,154.000214 ,154.003708 ,150.197205 ,152.344543 ,158.295547 ,153.523788 ,151.387527 ,155.137863 ,155.240616 
4,156.081039 ,155.657471 ,155.930374 ,153.872711 ,154.834366 ,152.081223 ,154.783020 ,153.167740 ,155.069504 ,151.517822 
5,154.496414 ,155.964050 ,153.805557 ,154.734894 ,160.379791 ,153.193771 ,156.380219 ,152.501694 ,151.725449 ,152.739670 
6,151.997971 ,151.900345 ,151.253448 ,150.918564 ,151.393265 ,154.729874 ,153.737823 ,154.272644 ,151.646561 ,152.146484 
7,154.313141 ,152.627884 ,152.391312 ,154.520599 ,154.670471 ,155.106964 ,155.939835 ,153.666840 ,153.973495 ,152.674530 
8,156.536423 ,159.022446 ,157.370880 ,157.336609 ,157.954193 ,157.980591 ,158.376633 ,158.945724 ,157.122955 ,157.754776 
