Experiment, T1, T2, T3, T4, T5, T6, T7, T8, T9, T10
1,250.649994 ,250.440002 ,239.970001 ,245.220001 ,244.610001 ,242.830002 ,238.559998 ,233.289993 ,243.289993 ,242.070007 
2,245.839996 ,246.350006 ,244.110001 ,246.009995 ,237.940002 ,241.990005 ,243.160004 ,241.399994 ,238.970001 ,245.610001 
3,743.010010 ,228.279999 ,201.520004 ,201.649994 ,201.490005 ,201.380005 ,201.610001 ,201.570007 ,201.399994 ,201.410004 
4,215.350006 ,231.369995 ,217.669998 ,201.190002 ,200.339996 ,201.229996 ,200.410004 ,201.190002 ,200.339996 ,201.339996 
5,200.720001 ,544.289978 ,221.460007 ,201.160004 ,200.309998 ,201.649994 ,200.449997 ,201.169998 ,200.449997 ,200.809998 
6,208.399994 ,231.940002 ,213.009995 ,201.320007 ,201.050003 ,201.559998 ,201.360001 ,201.570007 ,201.350006 ,201.919998 
7,206.649994 ,227.440002 ,240.630005 ,253.020004 ,252.669998 ,249.050003 ,237.520004 ,243.020004 ,244.470001 ,241.399994 
8,244.529999 ,245.429993 ,245.550003 ,245.000000 ,247.240005 ,243.360001 ,245.339996 ,243.050003 ,242.800003 ,241.339996 
