Experiment, T1, T2, T3, T4, T5, T6, T7, T8, T9, T10
1,263.600006 ,228.500000 ,239.000000 ,251.800003 ,237.000000 ,242.199997 ,247.199997 ,222.100006 ,234.699997 ,238.699997 
2,251.600006 ,236.699997 ,237.399994 ,242.800003 ,247.100006 ,253.800003 ,261.100006 ,249.699997 ,239.000000 ,234.899994 
3,211.500000 ,188.899994 ,188.300003 ,187.699997 ,187.500000 ,189.500000 ,188.000000 ,2149.399902 ,202.399994 ,204.899994 
4,194.699997 ,189.500000 ,188.100006 ,188.399994 ,189.199997 ,189.699997 ,189.300003 ,189.399994 ,2160.600098 ,203.899994 
5,290.000000 ,232.399994 ,228.000000 ,238.899994 ,249.500000 ,252.300003 ,254.800003 ,238.300003 ,236.300003 ,238.899994 
6,255.199997 ,235.899994 ,9138.599609 ,237.600006 ,234.300003 ,237.000000 ,232.500000 ,237.399994 ,246.300003 ,228.399994 
7,270.899994 ,250.000000 ,253.100006 ,253.600006 ,270.500000 ,251.800003 ,252.000000 ,255.000000 ,261.200012 ,243.399994 
8,2260.100098 ,246.199997 ,257.000000 ,263.600006 ,245.699997 ,237.899994 ,260.000000 ,243.300003 ,255.500000 ,252.300003 
